FilePath,LineNumber,ClassName,ProtocolName,IssueType,MethodName,ExpectedSignature,FoundSignature,FixRecommendation
/Users/mpy/CascadeProjects/UmbraCore/Sources/SecurityBridge/Sources/XPCBridge/ComprehensiveSecurityXPCAdapter.swift,0,ComprehensiveSecurityXPCAdapter,BaseXPCAdapter,missing,convertNSDataToSecureBytes,"  func convertNSDataToSecureBytes(_ data: NSData) -> SecureBytes",,"Add to ComprehensiveSecurityXPCAdapter:
  func convertNSDataToSecureBytes(_ data: NSData) -> SecureBytes {
  // Implementation needed
}"
/Users/mpy/CascadeProjects/UmbraCore/Sources/SecurityBridge/Sources/XPCBridge/ComprehensiveSecurityXPCAdapter.swift,0,ComprehensiveSecurityXPCAdapter,BaseXPCAdapter,missing,convertSecureBytesToNSData,"  func convertSecureBytesToNSData(_ secureBytes: SecureBytes) -> NSData",,"Add to ComprehensiveSecurityXPCAdapter:
  func convertSecureBytesToNSData(_ secureBytes: SecureBytes) -> NSData {
  // Implementation needed
}"
/Users/mpy/CascadeProjects/UmbraCore/Sources/SecurityBridge/Sources/XPCBridge/ComprehensiveSecurityXPCAdapter.swift,0,ComprehensiveSecurityXPCAdapter,BaseXPCAdapter,missing,mapSecurityError,"  func mapSecurityError(_ error: NSError) -> UmbraErrors.Security.XPC",,"Add to ComprehensiveSecurityXPCAdapter:
  func mapSecurityError(_ error: NSError) -> UmbraErrors.Security.XPC {
  // Implementation needed
}"
/Users/mpy/CascadeProjects/UmbraCore/Sources/SecurityBridge/Sources/XPCBridge/ComprehensiveSecurityXPCAdapter.swift,0,ComprehensiveSecurityXPCAdapter,BaseXPCAdapter,missing,setupInvalidationHandler,"  func setupInvalidationHandler()",,"Add to ComprehensiveSecurityXPCAdapter:
  func setupInvalidationHandler() {
  // Implementation needed
}"
/Users/mpy/CascadeProjects/UmbraCore/Sources/SecurityBridge/Sources/XPCBridge/SecureStorageXPCAdapter.swift,0,SecureStorageXPCAdapter,BaseXPCAdapter,missing,convertNSDataToSecureBytes,"  func convertNSDataToSecureBytes(_ data: NSData) -> SecureBytes",,"Add to SecureStorageXPCAdapter:
  func convertNSDataToSecureBytes(_ data: NSData) -> SecureBytes {
  // Implementation needed
}"
/Users/mpy/CascadeProjects/UmbraCore/Sources/SecurityBridge/Sources/XPCBridge/SecureStorageXPCAdapter.swift,0,SecureStorageXPCAdapter,BaseXPCAdapter,missing,convertSecureBytesToNSData,"  func convertSecureBytesToNSData(_ secureBytes: SecureBytes) -> NSData",,"Add to SecureStorageXPCAdapter:
  func convertSecureBytesToNSData(_ secureBytes: SecureBytes) -> NSData {
  // Implementation needed
}"
/Users/mpy/CascadeProjects/UmbraCore/Sources/SecurityBridge/Sources/XPCBridge/SecureStorageXPCAdapter.swift,0,SecureStorageXPCAdapter,BaseXPCAdapter,missing,mapSecurityError,"  func mapSecurityError(_ error: NSError) -> UmbraErrors.Security.XPC",,"Add to SecureStorageXPCAdapter:
  func mapSecurityError(_ error: NSError) -> UmbraErrors.Security.XPC {
  // Implementation needed
}"
/Users/mpy/CascadeProjects/UmbraCore/Sources/SecurityBridge/Sources/XPCBridge/SecureStorageXPCAdapter.swift,0,SecureStorageXPCAdapter,BaseXPCAdapter,missing,setupInvalidationHandler,"  func setupInvalidationHandler()",,"Add to SecureStorageXPCAdapter:
  func setupInvalidationHandler() {
  // Implementation needed
}"
/Users/mpy/CascadeProjects/UmbraCore/Sources/SecurityBridge/Sources/XPCBridge/XPCServiceAdapter.swift,76,XPCServiceAdapter,BaseXPCAdapter,signature_mismatch,convertNSDataToSecureBytes,"  func convertNSDataToSecureBytes(_ data: NSData) -> SecureBytes","  public func convertNSDataToSecureBytes(_ nsData: NSData) -> UmbraCoreTypes.SecureBytes {","Replace method in XPCServiceAdapter: 
  public func convertNSDataToSecureBytes(_ nsData: NSData) -> UmbraCoreTypes.SecureBytes {
with:
  func convertNSDataToSecureBytes(_ data: NSData) -> SecureBytes"
/Users/mpy/CascadeProjects/UmbraCore/Sources/SecurityBridge/Sources/XPCBridge/XPCServiceAdapter.swift,0,XPCServiceAdapter,BaseXPCAdapter,missing,convertSecureBytesToNSData,"  func convertSecureBytesToNSData(_ secureBytes: SecureBytes) -> NSData",,"Add to XPCServiceAdapter:
  func convertSecureBytesToNSData(_ secureBytes: SecureBytes) -> NSData {
  // Implementation needed
}"
/Users/mpy/CascadeProjects/UmbraCore/Sources/SecurityBridge/Sources/XPCBridge/XPCServiceAdapter.swift,444,XPCServiceAdapter,BaseXPCAdapter,signature_mismatch,mapSecurityError,"  func mapSecurityError(_ error: NSError) -> UmbraErrors.Security.XPC","  public func mapSecurityError(_ error: NSError) -> XPCProtocolsCore.SecurityError {","Replace method in XPCServiceAdapter: 
  public func mapSecurityError(_ error: NSError) -> XPCProtocolsCore.SecurityError {
with:
  func mapSecurityError(_ error: NSError) -> UmbraErrors.Security.XPC"
/Users/mpy/CascadeProjects/UmbraCore/Sources/SecurityBridge/Sources/XPCBridge/XPCServiceAdapter.swift,0,XPCServiceAdapter,BaseXPCAdapter,missing,setupInvalidationHandler,"  func setupInvalidationHandler()",,"Add to XPCServiceAdapter:
  func setupInvalidationHandler() {
  // Implementation needed
}"
/Users/mpy/CascadeProjects/UmbraCore/Sources/SecurityBridge/Sources/XPCBridge/CryptoXPCAdapter.swift,0,CryptoXPCAdapter,BaseXPCAdapter,missing,convertNSDataToSecureBytes,"  func convertNSDataToSecureBytes(_ data: NSData) -> SecureBytes",,"Add to CryptoXPCAdapter:
  func convertNSDataToSecureBytes(_ data: NSData) -> SecureBytes {
  // Implementation needed
}"
/Users/mpy/CascadeProjects/UmbraCore/Sources/SecurityBridge/Sources/XPCBridge/CryptoXPCAdapter.swift,0,CryptoXPCAdapter,BaseXPCAdapter,missing,convertSecureBytesToNSData,"  func convertSecureBytesToNSData(_ secureBytes: SecureBytes) -> NSData",,"Add to CryptoXPCAdapter:
  func convertSecureBytesToNSData(_ secureBytes: SecureBytes) -> NSData {
  // Implementation needed
}"
/Users/mpy/CascadeProjects/UmbraCore/Sources/SecurityBridge/Sources/XPCBridge/CryptoXPCAdapter.swift,0,CryptoXPCAdapter,BaseXPCAdapter,missing,mapSecurityError,"  func mapSecurityError(_ error: NSError) -> UmbraErrors.Security.XPC",,"Add to CryptoXPCAdapter:
  func mapSecurityError(_ error: NSError) -> UmbraErrors.Security.XPC {
  // Implementation needed
}"
/Users/mpy/CascadeProjects/UmbraCore/Sources/SecurityBridge/Sources/XPCBridge/CryptoXPCAdapter.swift,0,CryptoXPCAdapter,BaseXPCAdapter,missing,setupInvalidationHandler,"  func setupInvalidationHandler()",,"Add to CryptoXPCAdapter:
  func setupInvalidationHandler() {
  // Implementation needed
}"
/Users/mpy/CascadeProjects/UmbraCore/Sources/SecurityBridge/Sources/XPCBridge/KeyManagementXPCAdapter.swift,0,KeyManagementXPCAdapter,BaseXPCAdapter,missing,convertNSDataToSecureBytes,"  func convertNSDataToSecureBytes(_ data: NSData) -> SecureBytes",,"Add to KeyManagementXPCAdapter:
  func convertNSDataToSecureBytes(_ data: NSData) -> SecureBytes {
  // Implementation needed
}"
/Users/mpy/CascadeProjects/UmbraCore/Sources/SecurityBridge/Sources/XPCBridge/KeyManagementXPCAdapter.swift,0,KeyManagementXPCAdapter,BaseXPCAdapter,missing,convertSecureBytesToNSData,"  func convertSecureBytesToNSData(_ secureBytes: SecureBytes) -> NSData",,"Add to KeyManagementXPCAdapter:
  func convertSecureBytesToNSData(_ secureBytes: SecureBytes) -> NSData {
  // Implementation needed
}"
/Users/mpy/CascadeProjects/UmbraCore/Sources/SecurityBridge/Sources/XPCBridge/KeyManagementXPCAdapter.swift,0,KeyManagementXPCAdapter,BaseXPCAdapter,missing,mapSecurityError,"  func mapSecurityError(_ error: NSError) -> UmbraErrors.Security.XPC",,"Add to KeyManagementXPCAdapter:
  func mapSecurityError(_ error: NSError) -> UmbraErrors.Security.XPC {
  // Implementation needed
}"
/Users/mpy/CascadeProjects/UmbraCore/Sources/SecurityBridge/Sources/XPCBridge/KeyManagementXPCAdapter.swift,0,KeyManagementXPCAdapter,BaseXPCAdapter,missing,setupInvalidationHandler,"  func setupInvalidationHandler()",,"Add to KeyManagementXPCAdapter:
  func setupInvalidationHandler() {
  // Implementation needed
}"
/Users/mpy/CascadeProjects/UmbraCore/Sources/SecurityBridge/Sources/XPCBridge/XPCServiceStandardAdapter.swift,0,XPCServiceStandardAdapter,BaseXPCAdapter,missing,convertNSDataToSecureBytes,"  func convertNSDataToSecureBytes(_ data: NSData) -> SecureBytes",,"Add to XPCServiceStandardAdapter:
  func convertNSDataToSecureBytes(_ data: NSData) -> SecureBytes {
  // Implementation needed
}"
/Users/mpy/CascadeProjects/UmbraCore/Sources/SecurityBridge/Sources/XPCBridge/XPCServiceStandardAdapter.swift,0,XPCServiceStandardAdapter,BaseXPCAdapter,missing,convertSecureBytesToNSData,"  func convertSecureBytesToNSData(_ secureBytes: SecureBytes) -> NSData",,"Add to XPCServiceStandardAdapter:
  func convertSecureBytesToNSData(_ secureBytes: SecureBytes) -> NSData {
  // Implementation needed
}"
/Users/mpy/CascadeProjects/UmbraCore/Sources/SecurityBridge/Sources/XPCBridge/XPCServiceStandardAdapter.swift,0,XPCServiceStandardAdapter,BaseXPCAdapter,missing,mapSecurityError,"  func mapSecurityError(_ error: NSError) -> UmbraErrors.Security.XPC",,"Add to XPCServiceStandardAdapter:
  func mapSecurityError(_ error: NSError) -> UmbraErrors.Security.XPC {
  // Implementation needed
}"
/Users/mpy/CascadeProjects/UmbraCore/Sources/SecurityBridge/Sources/XPCBridge/XPCServiceStandardAdapter.swift,0,XPCServiceStandardAdapter,BaseXPCAdapter,missing,setupInvalidationHandler,"  func setupInvalidationHandler()",,"Add to XPCServiceStandardAdapter:
  func setupInvalidationHandler() {
  // Implementation needed
}"
